Filename,Component,Volume,Centerline Length
sub001_pos-supine_scan-1.mha,1,1718274.0,5459
sub003_pos-supine_scan-1.mha,1,2064235.0,7422
sub003_pos-prone_scan-1.mha,1,1845615.0,22728
sub004_pos-prone_scan-1.mha,1,1607095.0,8178
sub004_pos-supine_scan-1.mha,1,1651898.0,9031
sub005_pos-supine_scan-1.mha,1,1189179.0,8589
sub005_pos-supine_scan-1.mha,2,681.0,46
sub005_pos-supine_scan-1.mha,3,123.0,7
sub005_pos-supine_scan-1.mha,4,628.0,43
sub005_pos-supine_scan-1.mha,5,307.0,7
sub005_pos-supine_scan-1.mha,6,118.0,2
sub005_pos-supine_scan-1.mha,7,113.0,6
sub005_pos-prone_scan-1.mha,1,1329884.0,11453
sub005_pos-prone_scan-1.mha,2,100.0,1
sub005_pos-prone_scan-1.mha,3,222.0,12
sub005_pos-prone_scan-1.mha,4,106.0,6
sub005_pos-prone_scan-1.mha,5,157.0,3
sub006_pos-supine_scan-1.mha,1,2149576.0,18287
sub007_pos-prone_scan-1.mha,1,1674793.0,6210
sub007_pos-supine_scan-1.mha,1,1733357.0,4838
sub009_pos-supine_scan-1.mha,1,1413685.0,2292
sub012_pos-prone_scan-1.mha,1,1392278.0,13427
sub012_pos-prone_scan-1.mha,2,300.0,2
sub014_pos-supine_scan-1.mha,1,1348350.0,5162
sub015_pos-prone_scan-1.mha,1,1690384.0,21054
sub016_pos-prone_scan-1.mha,1,610744.0,73665
sub016_pos-prone_scan-1.mha,2,687873.0,15494
sub016_pos-supine_scan-1.mha,1,1531633.0,44824
sub017_pos-supine_scan-1.mha,1,1218835.0,7937
sub017_pos-supine_scan-1.mha,2,128.0,1
sub017_pos-prone_scan-1.mha,1,1431730.0,8809
sub017_pos-prone_scan-1.mha,2,216.0,4
sub018_pos-supine_scan-1.mha,1,1569419.0,2444
sub022_pos-supine_scan-1.mha,1,2793626.0,62576
sub024_pos-supine_scan-1.mha,1,1273382.0,13422
sub024_pos-prone_scan-1.mha,1,2427.0,79
sub024_pos-prone_scan-1.mha,2,1275572.0,25297
sub026_pos-supine_scan-1.mha,1,2020844.0,5136
sub026_pos-prone_scan-1.mha,1,1350582.0,4085
sub027_pos-supine_scan-1.mha,1,1975624.0,13130
sub027_pos-supine_scan-1.mha,2,100.0,2
sub028_pos-supine_scan-1.mha,1,2189831.0,69584
sub028_pos-prone_scan-2.mha,1,2124534.0,116801
sub030_pos-supine_scan-2.mha,1,1479934.0,24397
sub030_pos-supine_scan-2.mha,2,158.0,14
sub031_pos-supine_scan-1.mha,1,2295083.0,5201
sub031_pos-prone_scan-1.mha,1,2006651.0,6815
sub032_pos-prone_scan-1.mha,1,1546723.0,56294
sub034_pos-prone_scan-1.mha,1,4140911.0,53341
sub036_pos-supine_scan-2.mha,1,2280358.0,160466
sub036_pos-prone_scan-2.mha,1,2224793.0,156938
sub037_pos-supine_scan-1.mha,1,1157426.0,160145
sub038_pos-supine_scan-1.mha,1,1447202.0,55560
sub038_pos-prone_scan-1.mha,1,1661562.0,66119
sub041_pos-prone_scan-1.mha,1,1943071.0,16130
sub043_pos-prone_scan-1.mha,1,2180875.0,48386
sub043_pos-prone_scan-1.mha,2,239.0,21
sub043_pos-supine_scan-1.mha,1,2314543.0,20554
sub044_pos-prone_scan-2.mha,1,409859.0,10014
sub044_pos-prone_scan-2.mha,2,1969677.0,2478
sub046_pos-supine_scan-1.mha,1,881171.0,12785
sub047_pos-supine_scan-1.mha,1,2349487.0,54384
sub048_pos-supine_scan-1.mha,1,1304069.0,9206
sub051_pos-prone_scan-1.mha,1,1640947.0,213232
sub052_pos-supine_scan-1.mha,1,1056589.0,3672
sub052_pos-supine_scan-1.mha,2,166.0,22
sub052_pos-supine_scan-1.mha,3,329.0,31
sub052_pos-supine_scan-1.mha,4,170.0,22
sub052_pos-prone_scan-1.mha,1,1012284.0,3229
sub053_pos-prone_scan-1.mha,1,1646089.0,11296
sub053_pos-supine_scan-1.mha,1,1709684.0,14104
sub057_pos-prone_scan-1.mha,1,1363265.0,2698
sub059_pos-supine_scan-1.mha,1,153.0,60
sub059_pos-supine_scan-1.mha,2,1189400.0,3866
sub059_pos-prone_scan-1.mha,1,1279747.0,2411
sub061_pos-prone_scan-1.mha,1,261383.0,24923
sub061_pos-prone_scan-1.mha,2,1053420.0,14343
sub062_pos-supine_scan-1.mha,1,1397081.0,29681
sub062_pos-prone_scan-1.mha,1,1547728.0,27014
sub065_pos-prone_scan-1.mha,1,1517604.0,32914
sub066_pos-prone_scan-1.mha,1,2291269.0,22985
sub066_pos-supine_scan-1.mha,1,2338381.0,22753
sub068_pos-prone_scan-1.mha,1,1223567.0,27900
sub071_pos-prone_scan-1.mha,1,1926905.0,6951
sub071_pos-prone_scan-1.mha,2,278.0,17
sub071_pos-prone_scan-1.mha,3,136.0,20
sub071_pos-supine_scan-1.mha,1,2001428.0,5130
sub071_pos-supine_scan-1.mha,2,234.0,21
sub071_pos-supine_scan-1.mha,3,151.0,9
sub074_pos-supine_scan-1.mha,1,1260892.0,40601
sub074_pos-supine_scan-1.mha,2,333.0,42
sub074_pos-supine_scan-1.mha,3,101.0,5
sub074_pos-supine_scan-1.mha,4,130.0,2
sub074_pos-supine_scan-1.mha,5,158.0,3
sub076_pos-prone_scan-1.mha,1,1846930.0,25470
sub076_pos-supine_scan-1.mha,1,2223755.0,32048
sub083_pos-prone_scan-1.mha,1,162.0,74
sub083_pos-prone_scan-1.mha,2,1174395.0,1657
sub085_pos-prone_scan-1.mha,1,1270069.0,7313
sub085_pos-prone_scan-1.mha,2,949898.0,3369
sub087_pos-prone_scan-1.mha,1,1550174.0,4009
sub088_pos-prone_scan-1.mha,1,2128185.0,3021
sub088_pos-supine_scan-1.mha,1,2027968.0,5109
sub091_pos-supine_scan-1.mha,1,1985561.0,10058
sub092_pos-prone_scan-1.mha,1,1682026.0,33662
sub092_pos-supine_scan-1.mha,1,1689274.0,37543
sub095_pos-supine_scan-1.mha,1,2240472.0,32245
sub095_pos-prone_scan-1.mha,1,2314991.0,19033
sub098_pos-supine_scan-1.mha,1,1664799.0,86697
sub098_pos-prone_scan-1.mha,1,1586379.0,60973
sub101_pos-prone_scan-1.mha,1,1590489.0,7374
sub103_pos-prone_scan-1.mha,1,1968467.0,174934
sub103_pos-prone_scan-1.mha,2,108.0,2
sub105_pos-prone_scan-1.mha,1,1581471.0,102632
sub106_pos-supine_scan-1.mha,1,846466.0,67369
sub106_pos-supine_scan-1.mha,2,221687.0,6444
sub108_pos-supine_scan-1.mha,1,1934249.0,65257
sub111_pos-supine_scan-1.mha,1,1823330.0,7475
sub111_pos-prone_scan-1.mha,1,1600100.0,6712
sub112_pos-supine_scan-1.mha,1,1891369.0,43498
sub113_pos-prone_scan-1.mha,1,3141984.0,20262
sub113_pos-supine_scan-1.mha,1,2334435.0,25790
sub115_pos-supine_scan-1.mha,1,1066565.0,31104
sub120_pos-prone_scan-1.mha,1,1121408.0,12760
sub125_pos-prone_scan-1.mha,1,1717569.0,57953
sub125_pos-supine_scan-1.mha,1,1917652.0,48471
sub126_pos-prone_scan-1.mha,1,563896.0,8453
sub126_pos-prone_scan-1.mha,2,91034.0,779
sub128_pos-prone_scan-1.mha,1,2733.0,85
sub128_pos-prone_scan-1.mha,2,1741655.0,19417
sub134_pos-supine_scan-1.mha,1,2906180.0,13478
sub134_pos-prone_scan-1.mha,1,2897837.0,9988
sub136_pos-prone_scan-1.mha,1,581215.0,5077
sub136_pos-prone_scan-1.mha,2,434943.0,2151
sub136_pos-prone_scan-1.mha,3,727.0,33
sub137_pos-supine_scan-1.mha,1,1292193.0,6171
sub139_pos-prone_scan-1.mha,1,2027906.0,163594
sub139_pos-supine_scan-1.mha,1,2282920.0,110450
sub140_pos-prone_scan-1.mha,1,1578961.0,43863
sub141_pos-prone_scan-1.mha,1,1061643.0,17072
sub141_pos-supine_scan-1.mha,1,1255289.0,5639
sub142_pos-prone_scan-1.mha,1,1863835.0,6643
sub142_pos-supine_scan-1.mha,1,1867465.0,8219
sub142_pos-supine_scan-1.mha,2,105.0,6
sub144_pos-supine_scan-1.mha,1,2594309.0,38268
sub145_pos-supine_scan-1.mha,1,328047.0,3409
sub145_pos-supine_scan-1.mha,2,1007215.0,8623
sub145_pos-prone_scan-1.mha,1,1418754.0,12332
sub146_pos-prone_scan-1.mha,1,1636661.0,48194
sub146_pos-prone_scan-1.mha,2,190.0,8
sub147_pos-prone_scan-1.mha,1,1880098.0,13747
sub147_pos-supine_scan-1.mha,1,1748299.0,14844
sub149_pos-prone_scan-1.mha,1,435708.0,14480
sub149_pos-prone_scan-1.mha,2,1557792.0,6944
sub155_pos-supine_scan-2.mha,1,1747848.0,56700
sub158_pos-supine_scan-2.mha,1,1878573.0,35469
sub158_pos-prone_scan-1.mha,1,1665166.0,28692
sub161_pos-supine_scan-1.mha,1,2515550.0,69636
sub161_pos-supine_scan-2.mha,1,1676959.0,70549
sub161_pos-supine_scan-2.mha,2,1456356.0,17872
sub162_pos-supine_scan-1.mha,1,2289344.0,3507
sub162_pos-prone_scan-1.mha,1,2228675.0,3943
sub165_pos-supine_scan-1.mha,1,1838006.0,4018
sub165_pos-prone_scan-1.mha,1,1739500.0,4762
sub173_pos-supine_scan-1.mha,1,1585919.0,17592
sub177_pos-supine_scan-1.mha,1,1975681.0,4312
sub177_pos-prone_scan-1.mha,1,1863678.0,2812
sub182_pos-prone_scan-2.mha,1,1490404.0,3059
sub182_pos-prone_scan-1.mha,1,383758.0,1267
sub182_pos-prone_scan-1.mha,2,1106392.0,1826
sub183_pos-supine_scan-1.mha,1,1834213.0,52544
sub191_pos-supine_scan-1.mha,1,2509473.0,61762
sub192_pos-prone_scan-1.mha,1,1977627.0,29338
sub192_pos-supine_scan-1.mha,1,1777455.0,73705
sub197_pos-prone_scan-1.mha,1,1666044.0,8428
sub198_pos-supine_scan-1.mha,1,2414575.0,4495
sub198_pos-prone_scan-1.mha,1,112.0,61
sub198_pos-prone_scan-1.mha,2,2463203.0,5371
sub200_pos-supine_scan-1.mha,1,1541662.0,6942
sub202_pos-supine_scan-1.mha,1,1457013.0,10935
sub202_pos-supine_scan-1.mha,2,121.0,0
sub202_pos-prone_scan-1.mha,1,1724948.0,15519
sub207_pos-supine_scan-1.mha,1,1263294.0,27499
sub207_pos-supine_scan-1.mha,2,166.0,2
sub208_pos-prone_scan-1.mha,1,1243340.0,69859
sub208_pos-supine_scan-1.mha,1,127250.0,23566
sub208_pos-supine_scan-1.mha,2,1050666.0,27326
sub209_pos-supine_scan-1.mha,1,1522288.0,68775
sub213_pos-supine_scan-1.mha,1,3542841.0,5944
sub214_pos-supine_scan-1.mha,1,2514403.0,173356
sub215_pos-prone_scan-1.mha,1,949177.0,27073
sub217_pos-supine_scan-1.mha,1,1742265.0,46549
sub217_pos-prone_scan-1.mha,1,1500438.0,32764
sub218_pos-supine_scan-1.mha,1,1924673.0,11167
sub218_pos-prone_scan-1.mha,1,1779547.0,16561
sub220_pos-prone_scan-1.mha,1,1909455.0,12980
sub220_pos-prone_scan-1.mha,2,455.0,38
sub220_pos-prone_scan-1.mha,3,261.0,36
sub221_pos-prone_scan-1.mha,1,1644097.0,27759
sub221_pos-supine_scan-1.mha,1,1774833.0,48303
sub223_pos-prone_scan-1.mha,1,1632574.0,10253
sub228_pos-prone_scan-1.mha,1,2442906.0,8577
sub231_pos-supine_scan-1.mha,1,343983.0,24315
sub231_pos-supine_scan-1.mha,2,961108.0,5041
sub235_pos-prone_scan-1.mha,1,1758393.0,5036
sub235_pos-supine_scan-1.mha,1,1764778.0,2286
sub239_pos-prone_scan-1.mha,1,1160093.0,4708
sub245_pos-prone_scan-1.mha,1,1603303.0,1486
sub245_pos-supine_scan-1.mha,1,1894127.0,1695
sub246_pos-supine_scan-1.mha,1,1779434.0,7305
sub250_pos-prone_scan-1.mha,1,2098193.0,93744
sub257_pos-prone_scan-1.mha,1,1796129.0,38755
sub257_pos-prone_scan-1.mha,2,142.0,5
sub264_pos-supine_scan-1.mha,1,3592399.0,3948
sub264_pos-prone_scan-1.mha,1,3204840.0,8326
sub266_pos-supine_scan-1.mha,1,12637.0,536
sub266_pos-supine_scan-1.mha,2,2634742.0,16367
sub274_pos-supine_scan-1.mha,1,160.0,49
sub274_pos-supine_scan-1.mha,2,1197031.0,6844
sub274_pos-prone_scan-1.mha,1,1272139.0,4609
sub276_pos-supine_scan-1.mha,1,1915641.0,122353
sub282_pos-prone_scan-1.mha,1,1711667.0,41197
sub286_pos-prone_scan-1.mha,1,1908561.0,167880
sub286_pos-supine_scan-1.mha,1,2386992.0,131067
sub288_pos-supine_scan-1.mha,1,1970621.0,5760
sub290_pos-supine_scan-1.mha,1,1982036.0,3110
sub294_pos-supine_scan-1.mha,1,1635377.0,122208
sub295_pos-supine_scan-1.mha,1,1696018.0,39075
sub296_pos-supine_scan-1.mha,1,36322.0,8608
sub296_pos-supine_scan-1.mha,2,1009554.0,200516
sub298_pos-supine_scan-1.mha,1,1587415.0,6184
sub298_pos-prone_scan-1.mha,1,1397246.0,6419
sub301_pos-hfdr_scan-1.mha,1,1460533.0,50215
sub302_pos-prone_scan-1.mha,1,1724017.0,2728
sub303_pos-supine_scan-1.mha,1,1757733.0,13025
sub303_pos-prone_scan-1.mha,1,1610215.0,8907
sub304_pos-supine_scan-1.mha,1,1336956.0,8066
sub305_pos-prone_scan-1.mha,1,1506837.0,75229
sub312_pos-supine_scan-1.mha,1,2030921.0,58358
sub319_pos-prone_scan-1.mha,1,1279507.0,7861
sub319_pos-supine_scan-1.mha,1,238626.0,665
sub319_pos-supine_scan-1.mha,2,1138833.0,6631
sub322_pos-prone_scan-1.mha,1,1697856.0,9844
sub323_pos-supine_scan-1.mha,1,2100007.0,4877
sub325_pos-supine_scan-1.mha,1,1437994.0,33905
sub326_pos-prone_scan-1.mha,1,2361792.0,7855
sub328_pos-prone_scan-1.mha,1,2133140.0,254141
sub330_pos-prone_scan-1.mha,1,1409715.0,108660
sub332_pos-supine_scan-1.mha,1,3330.0,92
sub332_pos-supine_scan-1.mha,2,1644243.0,3273
sub340_pos-supine_scan-1.mha,1,2081752.0,4527
sub340_pos-prone_scan-1.mha,1,1953526.0,8619
sub343_pos-supine_scan-1.mha,1,1531103.0,7521
sub346_pos-supine_scan-1.mha,1,1734205.0,8253
sub346_pos-prone_scan-1.mha,1,1780870.0,8251
sub349_pos-prone_scan-1.mha,1,2394467.0,2849
sub349_pos-supine_scan-1.mha,1,2043451.0,3067
sub353_pos-supine_scan-1.mha,1,2739478.0,4866
sub353_pos-prone_scan-1.mha,1,2628910.0,3823
sub357_pos-supine_scan-1.mha,1,1709323.0,35747
sub358_pos-prone_scan-1.mha,1,2335482.0,27703
sub358_pos-supine_scan-1.mha,1,2062094.0,14338
sub359_pos-prone_scan-1.mha,1,2493111.0,20935
sub359_pos-supine_scan-1.mha,1,2575726.0,15032
sub367_pos-supine_scan-1.mha,1,2626063.0,159292
sub367_pos-supine_scan-1.mha,2,335.0,32
sub371_pos-prone_scan-1.mha,1,1180628.0,3094
sub380_pos-prone_scan-1.mha,1,2087731.0,79663
sub381_pos-supine_scan-1.mha,1,1880995.0,65536
sub382_pos-prone_scan-1.mha,1,2022386.0,85595
sub383_pos-prone_scan-1.mha,1,1705459.0,75682
sub384_pos-prone_scan-1.mha,1,3131.0,118
sub384_pos-prone_scan-1.mha,2,2134209.0,14281
sub385_pos-prone_scan-1.mha,1,1592505.0,4643
sub385_pos-supine_scan-1.mha,1,1355890.0,3777
sub388_pos-supine_scan-1.mha,1,1989077.0,4094
sub388_pos-prone_scan-1.mha,1,1909942.0,23894
sub388_pos-prone_scan-1.mha,2,15485.0,51
sub393_pos-supine_scan-1.mha,1,1263381.0,89823
sub396_pos-supine_scan-1.mha,1,1273956.0,54603
sub397_pos-prone_scan-1.mha,1,1767303.0,37719
sub399_pos-supine_scan-1.mha,1,1541268.0,4066
sub399_pos-prone_scan-1.mha,1,1549961.0,4527
sub400_pos-prone_scan-1.mha,1,2511435.0,7141
sub402_pos-prone_scan-1.mha,1,1784659.0,9538
sub404_pos-prone_scan-1.mha,1,1491938.0,8544
sub404_pos-supine_scan-1.mha,1,2116456.0,14528
sub407_pos-prone_scan-1.mha,1,312131.0,21247
sub407_pos-prone_scan-1.mha,2,1116014.0,10942
sub408_pos-prone_scan-1.mha,1,3017909.0,28846
sub408_pos-supine_scan-1.mha,1,3108686.0,55038
sub410_pos-prone_scan-1.mha,1,2080752.0,13214
sub410_pos-supine_scan-1.mha,1,2534039.0,16649
sub412_pos-prone_scan-1.mha,1,1881709.0,58736
sub420_pos-supine_scan-1.mha,1,1963489.0,5410
sub426_pos-supine_scan-1.mha,1,2019286.0,9487
sub427_pos-supine_scan-1.mha,1,1786561.0,77862
sub430_pos-supine_scan-1.mha,1,1779309.0,10581
sub433_pos-prone_scan-1.mha,1,1613590.0,4359
sub436_pos-prone_scan-1.mha,1,1106959.0,2283
sub438_pos-prone_scan-1.mha,1,2041687.0,1932
sub440_pos-prone_scan-1.mha,1,819006.0,11543
sub440_pos-prone_scan-1.mha,2,158.0,2
sub441_pos-prone_scan-1.mha,1,2494927.0,2447
sub441_pos-supine_scan-1.mha,1,2759392.0,3728
sub447_pos-prone_scan-1.mha,1,1770202.0,6137
sub448_pos-supine_scan-1.mha,1,1420880.0,29410
sub449_pos-prone_scan-1.mha,1,1389613.0,2983
sub450_pos-supine_scan-1.mha,1,1813961.0,5723
sub453_pos-supine_scan-1.mha,1,1541710.0,10698
sub456_pos-supine_scan-1.mha,1,1822493.0,9475
sub456_pos-prone_scan-1.mha,1,1664806.0,7760
sub457_pos-supine_scan-1.mha,1,2042297.0,10185
sub457_pos-prone_scan-1.mha,1,1819156.0,20837
sub458_pos-supine_scan-1.mha,1,2639275.0,9723
sub458_pos-prone_scan-1.mha,1,2648475.0,6832
sub459_pos-supine_scan-1.mha,1,1954276.0,43295
sub459_pos-supine_scan-1.mha,2,194.0,16
sub459_pos-prone_scan-1.mha,1,1820328.0,97693
sub461_pos-supine_scan-1.mha,1,1866707.0,2448
sub461_pos-prone_scan-1.mha,1,1894677.0,2388
sub464_pos-supine_scan-1.mha,1,1835700.0,91361
sub464_pos-supine_scan-1.mha,2,367.0,47
sub464_pos-prone_scan-1.mha,1,1785150.0,119871
sub465_pos-prone_scan-1.mha,1,1981902.0,82637
sub466_pos-prone_scan-1.mha,1,1630328.0,27740
sub466_pos-prone_scan-1.mha,2,17076.0,52
sub468_pos-supine_scan-1.mha,1,1859990.0,6067
sub468_pos-prone_scan-1.mha,1,1484192.0,9432
sub468_pos-prone_scan-1.mha,2,326.0,2
sub473_pos-supine_scan-1.mha,1,3117407.0,38178
sub477_pos-prone_scan-1.mha,1,1110984.0,52792
sub479_pos-supine_scan-1.mha,1,2061472.0,76015
sub480_pos-supine_scan-1.mha,1,1894501.0,52753
sub480_pos-supine_scan-1.mha,2,287.0,17
sub481_pos-supine_scan-1.mha,1,1696944.0,103461
sub481_pos-prone_scan-2.mha,1,1796946.0,25143
sub481_pos-prone_scan-1.mha,1,1807029.0,90525
sub486_pos-supine_scan-1.mha,1,2066952.0,115756
sub487_pos-supine_scan-1.mha,1,1547557.0,20367
sub487_pos-prone_scan-1.mha,1,1549125.0,64718
sub488_pos-prone_scan-1.mha,1,1870750.0,10217
sub488_pos-supine_scan-1.mha,1,2570445.0,6901
sub490_pos-prone_scan-1.mha,1,1688175.0,9261
sub494_pos-supine_scan-1.mha,1,1969604.0,20118
sub495_pos-supine_scan-1.mha,1,1938805.0,49128
sub495_pos-supine_scan-1.mha,2,191.0,2
sub495_pos-supine_scan-1.mha,3,272.0,8
sub502_pos-prone_scan-1.mha,1,2710.0,87
sub502_pos-prone_scan-1.mha,2,2350327.0,4799
sub502_pos-supine_scan-1.mha,1,2103.0,91
sub502_pos-supine_scan-1.mha,2,1909890.0,3950
sub511_pos-supine_scan-1.mha,1,1370995.0,13284
sub511_pos-prone_scan-1.mha,1,1516911.0,30171
sub512_pos-prone_scan-1.mha,1,2134932.0,11344
sub512_pos-supine_scan-1.mha,1,2161181.0,2899
sub513_pos-supine_scan-1.mha,1,1982606.0,5604
sub513_pos-prone_scan-1.mha,1,173.0,67
sub513_pos-prone_scan-1.mha,2,2078500.0,6787
sub517_pos-prone_scan-1.mha,1,1284533.0,23168
sub518_pos-supine_scan-1.mha,1,2752476.0,207555
sub519_pos-prone_scan-1.mha,1,103.0,48
sub519_pos-prone_scan-1.mha,2,1903918.0,5261
sub523_pos-supine_scan-1.mha,1,1637650.0,9296
sub526_pos-supine_scan-1.mha,1,1781114.0,35829
sub526_pos-prone_scan-1.mha,1,1626892.0,62892
sub528_pos-supine_scan-1.mha,1,2834532.0,24070
sub539_pos-prone_scan-1.mha,1,1546343.0,3741
sub539_pos-supine_scan-1.mha,1,1555532.0,2793
sub540_pos-prone_scan-1.mha,1,1134554.0,8861
sub541_pos-supine_scan-1.mha,1,1459312.0,5529
sub541_pos-supine_scan-1.mha,2,345852.0,3613
sub542_pos-prone_scan-1.mha,1,1206782.0,16126
sub542_pos-supine_scan-1.mha,1,1161438.0,14179
sub543_pos-supine_scan-1.mha,1,1471529.0,9408
sub544_pos-supine_scan-1.mha,1,1208503.0,16668
sub547_pos-prone_scan-1.mha,1,1422503.0,19004
sub549_pos-supine_scan-1.mha,1,1774239.0,60935
sub550_pos-supine_scan-1.mha,1,2013088.0,75167
sub552_pos-supine_scan-1.mha,1,2412873.0,47733
sub552_pos-supine_scan-1.mha,2,1350.0,23
sub553_pos-prone_scan-1.mha,1,1699552.0,31645
sub555_pos-supine_scan-1.mha,1,1712291.0,18137
sub556_pos-prone_scan-1.mha,1,1022646.0,2658
sub559_pos-supine_scan-1.mha,1,1856978.0,6322
sub564_pos-prone_scan-1.mha,1,2335779.0,14086
sub564_pos-supine_scan-1.mha,1,2254003.0,22263
sub568_pos-supine_scan-1.mha,1,2327391.0,38419
sub570_pos-prone_scan-1.mha,1,2560777.0,16639
sub571_pos-prone_scan-2.mha,1,2550512.0,26151
sub571_pos-prone_scan-1.mha,1,2567789.0,93691
sub577_pos-supine_scan-1.mha,1,1395194.0,9345
sub580_pos-supine_scan-1.mha,1,2024946.0,46058
sub580_pos-prone_scan-1.mha,1,2259422.0,102886
sub580_pos-prone_scan-1.mha,2,637.0,57
sub581_pos-prone_scan-1.mha,1,3422336.0,108587
sub587_pos-prone_scan-1.mha,1,1172088.0,2351
sub587_pos-supine_scan-1.mha,1,1262168.0,4456
sub589_pos-supine_scan-1.mha,1,1435023.0,4386
sub590_pos-prone_scan-1.mha,1,1913331.0,5205
sub590_pos-prone_scan-1.mha,2,242.0,21
sub597_pos-supine_scan-1.mha,1,252.0,15
sub597_pos-supine_scan-1.mha,2,227487.0,534
sub597_pos-supine_scan-1.mha,3,1087009.0,1954
sub600_pos-supine_scan-1.mha,1,2268735.0,2540
sub601_pos-prone_scan-1.mha,1,559747.0,67478
sub601_pos-prone_scan-1.mha,2,1698675.0,66526
sub602_pos-supine_scan-1.mha,1,162254.0,603
sub602_pos-supine_scan-1.mha,2,1595131.0,2232
sub604_pos-prone_scan-1.mha,1,149.0,71
sub604_pos-prone_scan-1.mha,2,2059583.0,2197
sub604_pos-supine_scan-1.mha,1,1762847.0,4268
sub605_pos-prone_scan-1.mha,1,2596832.0,9761
sub607_pos-supine_scan-1.mha,1,33463.0,720
sub607_pos-supine_scan-1.mha,2,1288023.0,1780
sub612_pos-supine_scan-1.mha,1,1316665.0,9039
sub613_pos-supine_scan-1.mha,1,152.0,42
sub613_pos-supine_scan-1.mha,2,857272.0,8537
sub616_pos-supine_scan-2.mha,1,1152050.0,2101
sub616_pos-supine_scan-2.mha,2,126.0,0
sub617_pos-supine_scan-1.mha,1,2728960.0,7223
sub617_pos-supine_scan-1.mha,2,181.0,21
sub617_pos-prone_scan-1.mha,1,2475325.0,6609
sub617_pos-prone_scan-1.mha,2,166.0,20
sub618_pos-prone_scan-1.mha,1,1687904.0,15705
sub618_pos-supine_scan-1.mha,1,1744967.0,22265
sub620_pos-supine_scan-1.mha,1,2483778.0,9025
sub627_pos-supine_scan-1.mha,1,2571274.0,12745
sub627_pos-prone_scan-1.mha,1,2228245.0,5168
sub628_pos-supine_scan-1.mha,1,1587859.0,236786
sub629_pos-prone_scan-1.mha,1,1356578.0,46864
sub629_pos-supine_scan-1.mha,1,1546576.0,68456
sub631_pos-prone_scan-1.mha,1,1648822.0,38679
sub631_pos-supine_scan-1.mha,1,1756752.0,30241
sub632_pos-prone_scan-1.mha,1,1657708.0,10270
sub633_pos-supine_scan-1.mha,1,1822897.0,7292
sub636_pos-prone_scan-2.mha,1,1384575.0,62099
sub642_pos-prone_scan-1.mha,1,1678085.0,18117
sub643_pos-supine_scan-1.mha,1,1921607.0,3358
sub643_pos-prone_scan-1.mha,1,2137232.0,7638
sub646_pos-supine_scan-1.mha,1,2531.0,130
sub646_pos-supine_scan-1.mha,2,1646588.0,3488
sub649_pos-supine_scan-1.mha,1,2888802.0,8179
sub649_pos-supine_scan-1.mha,2,977.0,11
sub651_pos-supine_scan-1.mha,1,184493.0,2316
sub651_pos-supine_scan-1.mha,2,901637.0,2376
sub656_pos-prone_scan-1.mha,1,1166765.0,29162
sub658_pos-prone_scan-1.mha,1,2454799.0,6065
sub659_pos-supine_scan-1.mha,1,1803726.0,8850
sub659_pos-prone_scan-1.mha,1,1808321.0,8838
sub661_pos-prone_scan-2.mha,1,1701276.0,13730
sub661_pos-prone_scan-1.mha,1,1701444.0,14005
sub666_pos-prone_scan-1.mha,1,1316306.0,22472
sub669_pos-prone_scan-1.mha,1,1708026.0,14863
sub669_pos-supine_scan-1.mha,1,1778773.0,22554
sub674_pos-supine_scan-1.mha,1,1832907.0,8466
sub676_pos-supine_scan-1.mha,1,660963.0,3937
sub676_pos-supine_scan-1.mha,2,2073738.0,14500
sub678_pos-prone_scan-1.mha,1,4217231.0,7773
sub678_pos-supine_scan-1.mha,1,4979203.0,8250
sub686_pos-supine_scan-1.mha,1,1790687.0,8293
sub688_pos-prone_scan-1.mha,1,1898811.0,17500
sub690_pos-supine_scan-1.mha,1,1949260.0,33935
sub693_pos-supine_scan-1.mha,1,1257475.0,37620
sub698_pos-prone_scan-1.mha,1,1651682.0,50341
sub700_pos-prone_scan-1.mha,1,1649788.0,7377
sub700_pos-supine_scan-1.mha,1,1674696.0,6178
sub701_pos-prone_scan-1.mha,1,909.0,51
sub701_pos-prone_scan-1.mha,2,1563390.0,7422
sub701_pos-prone_scan-1.mha,3,1463.0,44
sub701_pos-supine_scan-1.mha,1,2735.0,90
sub701_pos-supine_scan-1.mha,2,1613916.0,3167
sub703_pos-prone_scan-1.mha,1,1237487.0,2418
sub706_pos-supine_scan-1.mha,1,2193114.0,4244
sub706_pos-prone_scan-1.mha,1,2351927.0,3449
sub712_pos-prone_scan-1.mha,1,1302564.0,5753
sub712_pos-prone_scan-1.mha,2,256.0,17
sub713_pos-prone_scan-1.mha,1,1858864.0,3328
sub713_pos-prone_scan-1.mha,2,225.0,1
sub714_pos-supine_scan-1.mha,1,1296832.0,4804
sub718_pos-prone_scan-1.mha,1,2529447.0,84476
sub719_pos-prone_scan-1.mha,1,2508238.0,18434
sub719_pos-supine_scan-1.mha,1,2667454.0,4979
sub726_pos-prone_scan-1.mha,1,1791541.0,37139
sub726_pos-supine_scan-1.mha,1,2021942.0,51029
sub728_pos-supine_scan-1.mha,1,3140938.0,32567
sub729_pos-supine_scan-1.mha,1,2197275.0,68041
sub732_pos-supine_scan-1.mha,1,1967687.0,38377
sub732_pos-supine_scan-1.mha,2,194.0,2
sub746_pos-supine_scan-1.mha,1,2482854.0,213487
sub746_pos-prone_scan-1.mha,1,1938550.0,193835
sub747_pos-supine_scan-1.mha,1,2768034.0,7620
sub747_pos-prone_scan-1.mha,1,488429.0,6368
sub747_pos-prone_scan-1.mha,2,2097197.0,3115
sub749_pos-supine_scan-1.mha,1,1638585.0,18642
sub758_pos-supine_scan-1.mha,1,1781383.0,6720
sub761_pos-prone_scan-1.mha,1,2002940.0,7975
sub761_pos-prone_scan-1.mha,2,112.0,2
sub761_pos-supine_scan-1.mha,1,1940964.0,7193
sub762_pos-prone_scan-1.mha,1,1632967.0,2791
sub768_pos-prone_scan-1.mha,1,2060064.0,4000
sub769_pos-prone_scan-1.mha,1,2134816.0,8318
sub771_pos-supine_scan-1.mha,1,2567344.0,3154
sub771_pos-prone_scan-1.mha,1,2677702.0,3438
sub772_pos-prone_scan-1.mha,1,1553395.0,24579
sub775_pos-prone_scan-1.mha,1,2256317.0,17085
sub775_pos-supine_scan-1.mha,1,2411702.0,18291
sub777_pos-prone_scan-1.mha,1,1039824.0,20781
sub778_pos-supine_scan-1.mha,1,206603.0,9766
sub778_pos-supine_scan-1.mha,2,1147680.0,3877
sub783_pos-prone_scan-1.mha,1,1931562.0,51768
sub783_pos-supine_scan-1.mha,1,2370539.0,79921
sub786_pos-prone_scan-1.mha,1,1216425.0,150148
sub788_pos-supine_scan-1.mha,1,1189139.0,4469
sub789_pos-prone_scan-1.mha,1,1598934.0,3162
sub789_pos-supine_scan-1.mha,1,1923744.0,3878
sub791_pos-prone_scan-1.mha,1,1784652.0,9922
sub793_pos-supine_scan-1.mha,1,101.0,15
sub793_pos-supine_scan-1.mha,2,120.0,21
sub793_pos-supine_scan-1.mha,3,2103691.0,113564
sub793_pos-supine_scan-1.mha,4,970.0,173
sub793_pos-prone_scan-1.mha,1,1886277.0,145892
sub793_pos-prone_scan-1.mha,2,497.0,56
sub793_pos-prone_scan-1.mha,3,393.0,38
sub793_pos-prone_scan-2.mha,1,1886277.0,145892
sub793_pos-prone_scan-2.mha,2,497.0,56
sub793_pos-prone_scan-2.mha,3,393.0,38
sub793_pos-supine_scan-2.mha,1,101.0,15
sub793_pos-supine_scan-2.mha,2,120.0,21
sub793_pos-supine_scan-2.mha,3,2103691.0,113564
sub793_pos-supine_scan-2.mha,4,970.0,173
sub797_pos-supine_scan-1.mha,1,1024755.0,6249
sub799_pos-prone_scan-1.mha,1,1260008.0,5252
sub799_pos-prone_scan-1.mha,2,369.0,19
sub799_pos-supine_scan-1.mha,1,1292718.0,5611
sub799_pos-supine_scan-1.mha,2,449.0,65
sub807_pos-prone_scan-1.mha,1,1391838.0,5443
sub807_pos-supine_scan-1.mha,1,145.0,52
sub807_pos-supine_scan-1.mha,2,1787863.0,6786
sub809_pos-prone_scan-1.mha,1,2218813.0,57663
sub811_pos-supine_scan-2.mha,1,1796420.0,60934
sub815_pos-prone_scan-1.mha,1,2947768.0,15353
sub819_pos-prone_scan-1.mha,1,2421074.0,21493
sub819_pos-supine_scan-1.mha,1,2865431.0,16634
sub820_pos-supine_scan-1.mha,1,1605378.0,8164
sub822_pos-prone_scan-1.mha,1,1201788.0,26504
sub825_pos-prone_scan-1.mha,1,2259704.0,150203
