Filename,Component,Volume,Centerline Length
001_pos-prone_colon_segmentation_v2.mha,1,464153.80859375,1058
001_pos-prone_colon_segmentation_v2.mha,2,7516.6015625,48
001_pos-prone_colon_segmentation_v2.mha,3,772980.95703125,4871
001_pos-prone_colon_segmentation_v2.mha,4,397719.23828125,2754
002_pos-prone_colon_segmentation_v2.mha,1,2789576.66015625,14408
002_pos-supine_colon_segmentation_v2.mha,1,3154076.66015625,21426
006_pos-prone_colon_segmentation_v2.mha,1,675393.0222625732,7183
006_pos-prone_colon_segmentation_v2.mha,2,1712119.6503753662,10450
009_pos-prone_colon_segmentation_v2.mha,1,165902.67944335938,1034
009_pos-prone_colon_segmentation_v2.mha,2,12550.28076171875,127
009_pos-prone_colon_segmentation_v2.mha,3,2095.1950073242188,37
009_pos-prone_colon_segmentation_v2.mha,4,1055891.0709381104,3099
010_pos-supine_colon_segmentation_v2.mha,1,2847715.163896307,28764
010_pos-supine_colon_segmentation_v2.mha,2,107.01224559235465,71
011_pos-prone_colon_segmentation_v2.mha,1,803422.2365173862,1825
011_pos-prone_colon_segmentation_v2.mha,2,608999.0285905923,2209
011_pos-supine_colon_segmentation_v2.mha,1,440438.0066338848,2602
011_pos-supine_colon_segmentation_v2.mha,2,861150.9418841553,2934
011_pos-supine_colon_segmentation_v2.mha,3,73015.72391766866,190
012_pos-supine_colon_segmentation_v2.mha,1,1995046.799218487,20243
013_pos-prone_colon_segmentation_v2.mha,1,448026.3671875,1595
013_pos-prone_colon_segmentation_v2.mha,2,6905.2734375,36
013_pos-prone_colon_segmentation_v2.mha,3,1557161.1328125,16363
013_pos-supine_colon_segmentation_v2.mha,1,697491.2109375,6727
013_pos-supine_colon_segmentation_v2.mha,2,1421100.09765625,10737
014_pos-prone_colon_segmentation_v2.mha,1,770084.3830078127,3050
014_pos-prone_colon_segmentation_v2.mha,2,882.5531738281252,29
014_pos-prone_colon_segmentation_v2.mha,3,203311.58320312505,1481
015_pos-supine_colon_segmentation_v2.mha,1,2357450.471191406,5276
018_pos-prone_colon_segmentation_v2.mha,1,668433.0023010252,2573
018_pos-prone_colon_segmentation_v2.mha,2,684089.6368408202,3557
019_pos-prone_colon_segmentation_v2.mha,1,1953764.9416015628,7905
019_pos-supine_colon_segmentation_v2.mha,1,1949941.758496094,5750
042_pos-supine_colon_segmentation_v2.mha,1,1346283.3076049811,32297
048_pos-prone_colon_segmentation_v2.mha,1,1141930.5252014163,5710
051_pos-supine_colon_segmentation_v2.mha,1,2280157.2567233103,11735
055_pos-prone_colon_segmentation_v2.mha,1,128554.39473047858,4340
055_pos-prone_colon_segmentation_v2.mha,2,1980429.9693542304,13369
055_pos-prone_colon_segmentation_v2.mha,3,117.49254766196654,12
055_pos-prone_colon_segmentation_v2.mha,4,722.5028742589761,41
055_pos-prone_colon_segmentation_v2.mha,5,117.49254766196654,7
055_pos-prone_colon_segmentation_v2.mha,6,28056.304855332197,408
060_pos-supine_colon_segmentation_v2.mha,1,1431556.755770874,14694
063_pos-prone_colon_segmentation_v2.mha,1,1208355.4406738284,9630
063_pos-prone_colon_segmentation_v2.mha,2,344.3035888671876,18
063_pos-supine_colon_segmentation_v2.mha,1,1053113.7500000005,12059
067_pos-prone_colon_segmentation_v2.mha,1,90544.0023831406,6332
067_pos-prone_colon_segmentation_v2.mha,2,66808.78665867764,603
067_pos-prone_colon_segmentation_v2.mha,3,702900.465534774,28950
067_pos-prone_colon_segmentation_v2.mha,4,51210.35346269857,316
067_pos-supine_colon_segmentation_v2.mha,1,58637.19605661062,626
067_pos-supine_colon_segmentation_v2.mha,2,72441.60495167112,1016
067_pos-supine_colon_segmentation_v2.mha,3,6063.134640611912,27
067_pos-supine_colon_segmentation_v2.mha,4,602482.1799604992,22942
067_pos-supine_colon_segmentation_v2.mha,5,40521.75209418744,482
070_pos-prone_colon_segmentation_v2.mha,1,565873.046875,13952
070_pos-prone_colon_segmentation_v2.mha,2,6625.48828125,105
070_pos-prone_colon_segmentation_v2.mha,3,1672.36328125,92
070_pos-prone_colon_segmentation_v2.mha,4,728.515625,14
070_pos-prone_colon_segmentation_v2.mha,5,5465.33203125,159
070_pos-prone_colon_segmentation_v2.mha,6,1103619.62890625,8860
077_pos-prone_colon_segmentation_v2.mha,1,926369.4199230758,6547
077_pos-prone_colon_segmentation_v2.mha,2,620064.9577606259,13418
079_pos-prone_colon_segmentation_v2.mha,1,66188.2314665021,4556
079_pos-prone_colon_segmentation_v2.mha,2,149192.6638621511,161
079_pos-prone_colon_segmentation_v2.mha,3,354660.94702919724,626
079_pos-prone_colon_segmentation_v2.mha,4,218806.78395107828,464
079_pos-supine_colon_segmentation_v2.mha,1,46121.749038435926,4202
079_pos-supine_colon_segmentation_v2.mha,2,1000386.0127180074,3459
079_pos-supine_colon_segmentation_v2.mha,3,62570.52380612688,260
093_pos-prone_colon_segmentation_v2.mha,1,916758.7621517724,5077
093_pos-prone_colon_segmentation_v2.mha,2,506563.9499739664,4862
093_pos-prone_colon_segmentation_v2.mha,3,226.07421211377053,9
093_pos-supine_colon_segmentation_v2.mha,1,1506614.7946701185,11961
094_pos-prone_colon_segmentation_v2.mha,1,2466998.009344603,26583
103_pos-supine_colon_segmentation_v2.mha,1,96877.4473653193,2422
103_pos-supine_colon_segmentation_v2.mha,2,1409959.5593848638,7596
103_pos-supine_colon_segmentation_v2.mha,3,159.17969729136914,19
107_pos-prone_colon_segmentation_v2.mha,1,1630737.4814990123,23165
110_pos-prone_colon_segmentation_v2.mha,1,511422.8466796874,2144
110_pos-prone_colon_segmentation_v2.mha,2,413746.65527343744,5473
110_pos-supine_colon_segmentation_v2.mha,1,207986.9327545166,2272
110_pos-supine_colon_segmentation_v2.mha,2,285.2725982666016,15
110_pos-supine_colon_segmentation_v2.mha,3,945477.1995544434,5427
112_pos-prone_colon_segmentation_v2.mha,1,2372080.00207488,10730
118_pos-prone_colon_segmentation_v2.mha,1,2465871.8798828125,28389
122_pos-prone_colon_segmentation_v2.mha,1,1614787.0761346614,17873
122_pos-supine_colon_segmentation_v2.mha,1,73877.58127635784,7248
122_pos-supine_colon_segmentation_v2.mha,2,1546701.3445396717,8692
123_pos-prone_colon_segmentation_v2.mha,1,310542.48046874994,2981
123_pos-prone_colon_segmentation_v2.mha,2,687251.9531249999,4207
123_pos-prone_colon_segmentation_v2.mha,3,1043.9453124999998,38
123_pos-prone_colon_segmentation_v2.mha,4,5108.398437499999,219
123_pos-prone_colon_segmentation_v2.mha,5,3482.910156249999,94
123_pos-supine_colon_segmentation_v2.mha,1,187468.75,1540
123_pos-supine_colon_segmentation_v2.mha,2,766437.5,6836
123_pos-supine_colon_segmentation_v2.mha,3,522.94921875,6
126_pos-supine_colon_segmentation_v2.mha,1,214768.44837559224,7507
126_pos-supine_colon_segmentation_v2.mha,2,406438.4510670143,1927
126_pos-supine_colon_segmentation_v2.mha,3,11243.536653687515,91
127_pos-prone_colon_segmentation_v2.mha,1,1809382.32421875,13996
129_pos-prone_colon_segmentation_v2.mha,1,1743697.265625,18680
129_pos-supine_colon_segmentation_v2.mha,1,2017956.0546875,15800
143_pos-prone_colon_segmentation_v2.mha,1,655919.7692871095,2260
143_pos-prone_colon_segmentation_v2.mha,2,4481.597900390626,52
143_pos-prone_colon_segmentation_v2.mha,3,33029.02221679688,477
143_pos-supine_colon_segmentation_v2.mha,1,240390.17949218748,1600
143_pos-supine_colon_segmentation_v2.mha,2,545792.7222442627,2537
143_pos-supine_colon_segmentation_v2.mha,3,1092.605209350586,4
143_pos-supine_colon_segmentation_v2.mha,4,400.7339721679687,3
143_pos-supine_colon_segmentation_v2.mha,5,899.1860717773437,3
143_pos-supine_colon_segmentation_v2.mha,6,778.3831573486327,20
143_pos-supine_colon_segmentation_v2.mha,7,2509.7421813964843,36
143_pos-supine_colon_segmentation_v2.mha,8,1031.6434417724608,33
143_pos-supine_colon_segmentation_v2.mha,9,491.0560028076172,13
144_pos-prone_colon_segmentation_v2.mha,1,2477110.83984375,14557
144_pos-prone_colon_segmentation_v2.mha,2,1248.53515625,35
152_pos-prone_colon_segmentation_v2.mha,1,1521942.3828125,6753
152_pos-supine_colon_segmentation_v2.mha,1,1504462.40234375,12846
167_pos-prone_colon_segmentation_v2.mha,1,357478.193359375,1276
167_pos-prone_colon_segmentation_v2.mha,2,247912.3388671875,984
167_pos-prone_colon_segmentation_v2.mha,3,1019734.58984375,5353
167_pos-supine_colon_segmentation_v2.mha,1,1783242.2265625,12455
169_pos-supine_colon_segmentation_v2.mha,1,93497.0703125,6692
169_pos-supine_colon_segmentation_v2.mha,2,301.7578125,68
169_pos-supine_colon_segmentation_v2.mha,3,2896597.16796875,47301
172_pos-supine_colon_segmentation_v2.mha,1,1246533.6812500004,3889
174_pos-supine_colon_segmentation_v2.mha,1,1856293.4374999995,15326
179_pos-prone_colon_segmentation_v2.mha,1,1877254.736328125,11412
179_pos-supine_colon_segmentation_v2.mha,1,1967163.408203125,5728
180_pos-supine_colon_segmentation_v2.mha,1,62290.524902343706,3403
180_pos-supine_colon_segmentation_v2.mha,2,1868020.9179687488,17926
185_pos-supine_colon_segmentation_v2.mha,1,744666.2020721036,3532
187_pos-prone_colon_segmentation_v2.mha,1,1478036.5625000005,7497
187_pos-supine_colon_segmentation_v2.mha,1,1072145.3437882876,9954
191_pos-prone_colon_segmentation_v2.mha,1,3393705.68359375,13196
193_pos-prone_colon_segmentation_v2.mha,1,2418850.2697753906,21054
193_pos-supine_colon_segmentation_v2.mha,1,2290865.810546875,9304
200_pos-prone_colon_segmentation_v2.mha,1,1711391.1840820312,13058
216_pos-supine_colon_segmentation_v2.mha,1,552145.1939291587,1674
216_pos-supine_colon_segmentation_v2.mha,2,1326006.927311526,1415
227_pos-prone_colon_segmentation_v2.mha,1,1331645.9655761712,9234
227_pos-prone_colon_segmentation_v2.mha,2,112.91503906249991,8
227_pos-prone_colon_segmentation_v2.mha,3,177.7648925781249,3
229_pos-prone_colon_segmentation_v2.mha,1,1238344.23828125,8395
229_pos-supine_colon_segmentation_v2.mha,1,1040140.625,6965
234_pos-supine_colon_segmentation_v2.mha,1,25211.9140625,656
234_pos-supine_colon_segmentation_v2.mha,2,984575.68359375,4937
241_pos-prone_colon_segmentation_v2.mha,1,1998181.0737966336,22135
247_pos-prone_colon_segmentation_v2.mha,1,3332848.14453125,15879
247_pos-supine_colon_segmentation_v2.mha,1,3498475.09765625,10962
249_pos-prone_colon_segmentation_v2.mha,1,2575757.32421875,18150
249_pos-supine_colon_segmentation_v2.mha,1,332124.51171875,1703
249_pos-supine_colon_segmentation_v2.mha,2,2250745.1171875,6216
249_pos-supine_colon_segmentation_v2.mha,3,8574.21875,24
249_pos-supine_colon_segmentation_v2.mha,4,8931.15234375,32
251_pos-supine_colon_segmentation_v2.mha,1,224380.86047923635,4707
251_pos-supine_colon_segmentation_v2.mha,2,1005364.7510414104,12180
252_pos-prone_colon_segmentation_v2.mha,1,2074679.969398452,18109
252_pos-prone_colon_segmentation_v2.mha,2,257.8234062954836,43
252_pos-prone_colon_segmentation_v2.mha,3,236.61307122547123,32
252_pos-supine_colon_segmentation_v2.mha,1,2082044.2490598904,16200
257_pos-supine_colon_segmentation_v2.mha,1,2224902.600000001,20021
262_pos-prone_colon_segmentation_v2.mha,1,2942015.144348146,25364
267_pos-prone_colon_segmentation_v2.mha,1,1703308.10546875,6145
275_pos-prone_colon_segmentation_v2.mha,1,1462455.7037834586,12894
275_pos-supine_colon_segmentation_v2.mha,1,1576164.0938019515,12701
277_pos-supine_colon_segmentation_v2.mha,1,254613.10668914104,7667
277_pos-supine_colon_segmentation_v2.mha,2,147.60691360587978,2
277_pos-supine_colon_segmentation_v2.mha,3,108.15223544078611,1
277_pos-supine_colon_segmentation_v2.mha,4,502285.4392300156,4836
278_pos-prone_colon_segmentation_v2.mha,1,371942.51307297655,7093
278_pos-prone_colon_segmentation_v2.mha,2,127264.27135415276,639
278_pos-prone_colon_segmentation_v2.mha,3,308.9901557385249,13
278_pos-prone_colon_segmentation_v2.mha,4,103707.01446837884,429
278_pos-prone_colon_segmentation_v2.mha,5,49234.720296973406,431
278_pos-prone_colon_segmentation_v2.mha,6,3823.848544596264,79
278_pos-prone_colon_segmentation_v2.mha,7,47148.08307241818,611
281_pos-prone_colon_segmentation_v2.mha,1,1170016.6747192384,14836
285_pos-prone_colon_segmentation_v2.mha,1,1224390.191481962,14207
285_pos-supine_colon_segmentation_v2.mha,1,1318534.6070442386,15320
291_pos-prone_colon_segmentation_v2.mha,1,1471981.674194335,6908
295_pos-prone_colon_segmentation_v2.mha,1,1117659.4372558594,4206
295_pos-prone_colon_segmentation_v2.mha,2,788395.4443359375,12198
299_pos-prone_colon_segmentation_v2.mha,1,1506519.9173828124,7441
299_pos-supine_colon_segmentation_v2.mha,1,1660858.5570312508,4531
311_pos-supine_colon_segmentation_v2.mha,1,163315.43790807528,919
311_pos-supine_colon_segmentation_v2.mha,2,816615.7637610681,2594
311_pos-supine_colon_segmentation_v2.mha,3,17703.125891096894,75
311_pos-supine_colon_segmentation_v2.mha,4,17889.64933798566,92
313_pos-prone_colon_segmentation_v2.mha,1,2118123.605176862,12254
316_pos-prone_colon_segmentation_v2.mha,1,1650166.9921875,10608
320_pos-supine_colon_segmentation_v2.mha,1,3124894.363066296,24174
321_pos-supine_colon_segmentation_v2.mha,1,968027.2124755868,6838
327_pos-prone_colon_segmentation_v2.mha,1,1455879.8348876955,5067
330_pos-supine_colon_segmentation_v2.mha,1,73399.13085937499,639
330_pos-supine_colon_segmentation_v2.mha,2,20392.3828125,112
330_pos-supine_colon_segmentation_v2.mha,3,837123.1347656249,7007
330_pos-supine_colon_segmentation_v2.mha,4,1093.9746093749998,22
330_pos-supine_colon_segmentation_v2.mha,5,335260.50292968744,1811
330_pos-supine_colon_segmentation_v2.mha,6,366.240234375,4
330_pos-supine_colon_segmentation_v2.mha,7,1608.5302734374998,53
332_pos-prone_colon_segmentation_v2.mha,1,1734568.8946655274,28654
334_pos-prone_colon_segmentation_v2.mha,1,2090455.56640625,19899
335_pos-prone_colon_segmentation_v2.mha,1,1631394.04296875,15451
335_pos-supine_colon_segmentation_v2.mha,1,1653979.98046875,17334
338_pos-supine_colon_segmentation_v2.mha,1,1727648.4375,17297
339_pos-prone_colon_segmentation_v2.mha,1,447798.33984375,3293
339_pos-prone_colon_segmentation_v2.mha,2,1538829.1015625,6669
339_pos-supine_colon_segmentation_v2.mha,1,2774582.03125,9639
339_pos-supine_colon_segmentation_v2.mha,2,594.7265625,32
354_pos-prone_colon_segmentation_v2.mha,1,832059.1406250006,4013
354_pos-prone_colon_segmentation_v2.mha,2,370674.8437500002,964
355_pos-prone_colon_segmentation_v2.mha,1,1100164.5964958356,10004
355_pos-prone_colon_segmentation_v2.mha,2,677488.3923889562,7276
355_pos-supine_colon_segmentation_v2.mha,1,64163.0808,549
355_pos-supine_colon_segmentation_v2.mha,2,1039415.8889088,14927
355_pos-supine_colon_segmentation_v2.mha,3,3013.5950208,38
355_pos-supine_colon_segmentation_v2.mha,4,2962.3434048,106
355_pos-supine_colon_segmentation_v2.mha,5,988.3677024,38
362_pos-prone_colon_segmentation_v2.mha,1,1656849.425048828,10480
362_pos-prone_colon_segmentation_v2.mha,2,1030.736083984375,2
362_pos-supine_colon_segmentation_v2.mha,1,1630781.3647460938,5403
364_pos-prone_colon_segmentation_v2..mha,1,1440031.8164062502,9501
365_pos-prone_colon_segmentation_v2.mha,1,139036.61171875006,939
365_pos-prone_colon_segmentation_v2.mha,2,327017.4906250001,7390
365_pos-prone_colon_segmentation_v2.mha,3,266.5195312500001,3
365_pos-prone_colon_segmentation_v2.mha,4,15792.339843750007,165
365_pos-supine_colon_segmentation_v2.mha,1,83205.42343750004,727
365_pos-supine_colon_segmentation_v2.mha,2,686376.3507812503,11032
365_pos-supine_colon_segmentation_v2.mha,3,1436.3851562500006,10
365_pos-supine_colon_segmentation_v2.mha,4,46468.03281250002,342
365_pos-supine_colon_segmentation_v2.mha,5,538.1156250000003,2
371_pos-supine_colon_segmentation_v2.mha,1,1539300.3269004822,11587
375_pos-prone_colon_segmentation_v2.mha,1,812635.5645676905,6503
375_pos-supine_colon_segmentation_v2.mha,1,1009289.6950061576,6225
376_pos-supine_colon_segmentation_v2.mha,1,258494.6271243477,3466
376_pos-supine_colon_segmentation_v2.mha,2,1264294.9131597318,2569
376_pos-supine_colon_segmentation_v2.mha,3,2516.113263905469,51
387_pos-prone_colon_segmentation_v2.mha,1,1719763.671875,20355
387_pos-supine_colon_segmentation_v2.mha,1,1700194.82421875,17593
389_pos-prone_colon_segmentation_v2.mha,1,2163550.005947113,16865
389_pos-supine_colon_segmentation_v2.mha,1,2394256.189632416,13927
390_pos-prone_colon_segmentation_v2.mha,1,434204.71288874827,8610
390_pos-prone_colon_segmentation_v2.mha,2,376568.1925858768,1232
390_pos-prone_colon_segmentation_v2.mha,3,845664.6935410092,24446
391_pos-prone_colon_segmentation_v2.mha,1,2287056.852747722,31822
391_pos-supine_colon_segmentation_v2.mha,1,2727333.931655916,35195
392_pos-prone_colon_segmentation_v2.mha,1,1150307.134457925,9430
392_pos-supine_colon_segmentation_v2.mha,1,1130478.0412521902,9532
393_pos-prone_colon_segmentation_v2.mha,1,1459519.2606133546,22184
395_pos-prone_colon_segmentation_v2.mha,1,1347653.8460980302,14796
395_pos-supine_colon_segmentation_v2.mha,1,1804544.4911156583,15188
398_pos-prone_colon_segmentation_v2.mha,1,937927.9364013672,11524
398_pos-prone_colon_segmentation_v2.mha,2,9798.326721191404,100
398_pos-prone_colon_segmentation_v2.mha,3,192584.1418457031,4677
398_pos-prone_colon_segmentation_v2.mha,4,1828.647766113281,18
398_pos-supine_colon_segmentation_v2.mha,1,137121.008605957,1805
398_pos-supine_colon_segmentation_v2.mha,2,1165358.325500488,4185
401_pos-supine_colon_segmentation_v2.mha,1,1576704.475403004,5286
407_pos-supine_colon_segmentation_v2.mha,1,2442159.733781509,21729
409_pos-prone_colon_segmentation_v2.mha,1,1671895.3887994103,15932
420_pos-prone_colon_segmentation_v2.mha,1,1831918.560791016,12552
448_pos-prone_colon_segmentation_v2.mha,1,1675387.1875000007,13141
450_pos-prone_colon_segmentation_v2.mha,1,1399687.866210937,19749
462_pos-prone_colon_segmentation_v2.mha,1,2965128.8807210657,13963
462_pos-supine_colon_segmentation_v2.mha,1,3339640.079407474,11680
470_pos-prone_colon_segmentation_v2.mha,1,1760557.9795761572,10046
470_pos-supine_colon_segmentation_v2.mha,1,1944372.55859375,15859
472_pos-prone_colon_segmentation_v2.mha,1,1058449.7213622904,12280
475_pos-supine_colon_segmentation_v2.mha,1,1354302.7038421226,5239
478_pos-supine_colon_segmentation_v2.mha,1,1185350.1023600206,13970
479_pos-prone_colon_segmentation_v2.mha,1,2124280.7569515123,47818
480_pos-prone_colon_segmentation_v2..mha,1,1987656.2615115223,18835
483_pos-supine_colon_segmentation_v2.mha,1,2006484.0461038104,24423
489_pos-prone_colon_segmentation_v2.mha,1,541434.08203125,7815
489_pos-prone_colon_segmentation_v2.mha,2,12625.0,88
489_pos-prone_colon_segmentation_v2.mha,3,1600744.140625,7033
489_pos-supine_colon_segmentation_v2.mha,1,2740458.984375,13121
489_pos-supine_colon_segmentation_v2.mha,2,4617.67578125,41
493_pos-supine_colon_segmentation_v2.mha,1,3489986.811523437,55566
494_pos-prone_colon_segmentation_v2.mha,1,2244342.28515625,21854
495_pos-prone_colon_segmentation_v2.mha,1,502989.7460937499,3190
495_pos-prone_colon_segmentation_v2.mha,2,458477.5390624999,1272
495_pos-prone_colon_segmentation_v2.mha,3,67089.35546874999,716
495_pos-prone_colon_segmentation_v2.mha,4,33108.39843749999,352
495_pos-prone_colon_segmentation_v2.mha,5,308499.99999999994,3010
495_pos-prone_colon_segmentation_v2.mha,6,2485.8398437499995,51
501_pos-prone_colon_segmentation_v2.mha,1,1387073.2138671868,8597
501_pos-supine_colon_segmentation_v2.mha,1,1656333.4777343743,6686
517_pos-supine_colon_segmentation_v2.mha,1,1683218.75,7252
519_pos-supine_colon_segmentation_v2.mha,1,2755325.68359375,34467
520_pos-supine_colon_segmentation_v2.mha,1,2149062.98828125,15711
521_pos-prone_colon_segmentation_v2.mha,1,1867403.80859375,8724
521_pos-supine_colon_segmentation_v2.mha,1,1952298.33984375,6964
522_pos-prone_colon_segmentation_v2.mha,1,1872370.60546875,7518
525_pos-prone_colon_segmentation_v2.mha,1,959088.37890625,3918
525_pos-prone_colon_segmentation_v2.mha,2,422077.1484375,4821
525_pos-prone_colon_segmentation_v2.mha,3,25949.21875,482
525_pos-supine_colon_segmentation_v2.mha,1,1976492.67578125,11015
540_pos-supine_colon_segmentation_v2.mha,1,1844198.496817017,25527
543_pos-prone_colon_segmentation_v2.mha,1,1901875.6494140625,11247
544_pos-prone_colon_segmentation_v2.mha,1,1094181.610791016,8589
548_pos-prone_colon_segmentation_v2.mha,1,315998.53515625,1365
548_pos-prone_colon_segmentation_v2.mha,2,895670.8984375,8786
548_pos-supine_colon_segmentation_v2.mha,1,1754492.6757812495,11001
552_pos-prone_colon_segmentation_v2.mha,1,2852790.0390625,28481
565_pos-prone_colon_segmentation_v2.mha,1,487290.8936765101,10132
565_pos-prone_colon_segmentation_v2.mha,2,919789.5997164404,10124
565_pos-supine_colon_segmentation_v2.mha,1,1687412.28780478,9758
566_pos-prone_colon_segmentation_v2.mha,1,1968065.9831824624,16683
566_pos-supine_colon_segmentation_v2.mha,1,2048094.1896806527,20438
568_pos-prone_colon_segmentation_v2.mha,1,706422.7602568006,7671
568_pos-prone_colon_segmentation_v2.mha,2,1703638.2946602893,9657
570_pos-supine_colon_segmentation_v2.mha,1,3159170.3656190727,10409
572_pos-prone_colon_segmentation_v2.mha,1,2028011.322916479,11878
572_pos-supine_colon_segmentation_v2.mha,1,532010.935555163,11063
572_pos-supine_colon_segmentation_v2.mha,2,2059854.2199501533,21212
575_pos-prone_colon_segmentation_v2.mha,1,77842.2659676156,2786
575_pos-prone_colon_segmentation_v2.mha,2,176447.90116724427,1430
575_pos-prone_colon_segmentation_v2.mha,3,3402.9492337277693,97
575_pos-prone_colon_segmentation_v2.mha,4,357466.68614366936,15530
576_pos-supine_colon_segmentation_v2.mha,1,53033.64269361634,8850
576_pos-supine_colon_segmentation_v2.mha,2,1468539.8908933513,10651
584_pos-supine_colon_segmentation_v2.mha,1,2433839.530517577,10467
585_pos-prone_colon_segmentation_v2.mha,1,1544358.5015716553,8400
585_pos-supine_colon_segmentation_v2.mha,1,293574.3913421631,840
585_pos-supine_colon_segmentation_v2.mha,2,1163804.1574249268,5410
589_pos-prone_colon_segmentation_v2.mha,1,1502426.9970703125,9022
591_pos-supine_colon_segmentation_v2.mha,1,3119466.0625,27014
599_pos-prone_colon_segmentation_v2.mha,1,2343978.887325067,20477
602_pos-prone_colon_segmentation_v2.mha,1,1997811.5328491204,13679
606_pos-prone_colon_segmentation_v2.mha,1,1761913.57421875,12044
606_pos-supine_colon_segmentation_v2.mha,1,219763.18359375,964
606_pos-supine_colon_segmentation_v2.mha,2,1605045.8984375,12216
622_pos-prone_colon_segmentation_v2.mha,1,1301441.3757324216,4637
622_pos-supine_colon_segmentation_v2.mha,1,1419346.5613769528,3419
634_pos-prone_colon_segmentation_v2.mha,1,1770458.610082399,17028
639_pos-supine_colon_segmentation_v2.mha,1,68062.52994451723,1851
639_pos-supine_colon_segmentation_v2.mha,2,83593.00054055364,200
639_pos-supine_colon_segmentation_v2.mha,3,824090.1149853596,4304
639_pos-supine_colon_segmentation_v2.mha,4,1647.5362941798207,51
639_pos-supine_colon_segmentation_v2.mha,5,172.4165889257952,19
640_pos-prone_colon_segmentation_v2.mha,1,2112066.5482208245,15408
640_pos-supine_colon_segmentation_v2.mha,1,2284755.224331167,22413
641_pos-prone_colon_segmentation_v2.mha,1,926623.6079223632,3418
646_pos-prone_colon_segmentation_v2.mha,1,1703874.169921875,13065
647_pos-supine_colon_segmentation_v2.mha,1,911872.459411621,6238
649_pos-prone_colon_segmentation_v2.mha,1,3164448.669433593,16361
656_pos-supine_colon_segmentation_v2.mha,1,1587253.41796875,6716
660_pos-supine_colon_segmentation_v2.mha,1,961434.919897461,8478
661_pos-supine_colon_segmentation_v2.mha,1,2272957.655297851,24936
662_pos-prone_colon_segmentation_v2.mha,1,1607158.3435089116,21109
663_pos-supine_colon_segmentation_v2.mha,1,260341.5441223144,1218
663_pos-supine_colon_segmentation_v2.mha,2,1245882.5681213376,25811
663_pos-supine_colon_segmentation_v2.mha,3,35333.65604248046,423
663_pos-supine_colon_segmentation_v2.mha,4,19130.11024169921,255
663_pos-supine_colon_segmentation_v2.mha,5,16987.174673461912,135
664_pos-prone_colon_segmentation_v2.mha,1,2825813.1514526377,19541
664_pos-supine_colon_segmentation_v2.mha,1,3245320.3125,21021
668_pos-prone_colon_segmentation_v2.mha,1,1437408.203125,10648
668_pos-supine_colon_segmentation_v2.mha,1,1542660.15625,8552
670_pos-prone_colon_segmentation_v2.mha,1,384215.2532863492,1772
670_pos-prone_colon_segmentation_v2.mha,2,922646.9047344252,16572
670_pos-prone_colon_segmentation_v2.mha,3,898476.2370568052,1820
673_pos-prone_colon_segmentation_v2.mha,1,2634288.2763284897,18224
673_pos-prone_colon_segmentation_v2.mha,2,371456.5777700286,1811
673_pos-supine_colon_segmentation_v2.mha,1,3729852.26948242,19566
679_pos-prone_colon_segmentation_v2.mha,1,378462.2167968749,3256
679_pos-prone_colon_segmentation_v2.mha,2,115557.099609375,974
679_pos-prone_colon_segmentation_v2.mha,3,3310.4003906249995,50
679_pos-prone_colon_segmentation_v2.mha,4,453.251953125,22
679_pos-prone_colon_segmentation_v2.mha,5,621.3427734374999,31
679_pos-supine_colon_segmentation_v2.mha,1,210849.8725738524,2672
679_pos-supine_colon_segmentation_v2.mha,2,353507.7865509031,1982
679_pos-supine_colon_segmentation_v2.mha,3,13395.354266357414,86
681_pos-prone_colon_segmentation_v2.mha,1,934578.8651275632,13674
681_pos-supine_colon_segmentation_v2.mha,1,308978.3495269776,5191
681_pos-supine_colon_segmentation_v2.mha,2,21758.560977172856,1140
681_pos-supine_colon_segmentation_v2.mha,3,668737.4423675538,9814
685_pos-prone_colon_segmentation_v2.mha,1,318819.40396752086,2477
685_pos-prone_colon_segmentation_v2.mha,2,606958.1497594401,70780
685_pos-prone_colon_segmentation_v2.mha,3,331923.2810098164,1738
687_pos-prone_colon_segmentation_v2.mha,1,1173445.337693243,6845
688_pos-supine_colon_segmentation_v2.mha,1,157824.06982267217,1097
688_pos-supine_colon_segmentation_v2.mha,2,1867245.541952365,5568
691_pos-prone_colon_segmentation_v2.mha,1,467762.2289302298,11632
691_pos-prone_colon_segmentation_v2.mha,2,24269.53238621401,147
691_pos-prone_colon_segmentation_v2.mha,3,486167.9915106728,7916
691_pos-prone_colon_segmentation_v2.mha,4,177830.57473165108,1153
691_pos-supine_colon_segmentation_v2.mha,1,1723934.035887404,19521
694_pos-prone_colon_segmentation_v2.mha,1,1291667.9837540945,13735
694_pos-supine_colon_segmentation_v2.mha,1,1349801.3560397355,11272
695_pos-prone_colon_segmentation_v2.mha,1,228688.5780785757,344
695_pos-prone_colon_segmentation_v2.mha,2,16919.690926176318,120
695_pos-prone_colon_segmentation_v2.mha,3,21759.77386055259,87
695_pos-prone_colon_segmentation_v2.mha,4,9094.228968752386,25
695_pos-prone_colon_segmentation_v2.mha,5,531476.0487856864,4456
695_pos-prone_colon_segmentation_v2.mha,6,58885.89551134358,139
695_pos-prone_colon_segmentation_v2.mha,7,2362.05812812562,72
695_pos-prone_colon_segmentation_v2.mha,8,119274.78020628131,563
695_pos-prone_colon_segmentation_v2.mha,9,11261.73773554983,26
698_pos-supine_colon_segmentation_v2.mha,1,2355311.692678781,10184
699_pos-prone_colon_segmentation_v2.mha,1,1308256.115765779,9887
699_pos-prone_colon_segmentation_v2.mha,2,526010.243151077,5251
699_pos-supine_colon_segmentation_v2.mha,1,2096607.2103692575,20701
705_pos-prone_colon_segmentation_v2.mha,1,215627.7389526367,1030
705_pos-prone_colon_segmentation_v2.mha,2,228058.30383300775,1241
705_pos-prone_colon_segmentation_v2.mha,3,92382.3013305664,322
705_pos-prone_colon_segmentation_v2.mha,4,12490.00549316406,34
710_pos-supine_colon_segmentation_v2.mha,1,1278114.10703125,4052
711_pos-prone_colon_segmentation_v2.mha,1,1287692.5447814942,7824
711_pos-prone_colon_segmentation_v2.mha,2,360959.8355255127,1930
711_pos-supine_colon_segmentation_v2.mha,1,829488.2531738281,5553
711_pos-supine_colon_segmentation_v2.mha,2,626762.8833770752,5180
712_pos-supine_colon_segmentation_v2.mha,1,1260101.567736816,10950
715_pos-prone_colon_segmentation_v2.mha,1,2971824.8214904782,9834
715_pos-supine_colon_segmentation_v2.mha,1,3420389.7438507075,9809
716_pos-prone_colon_segmentation_v2.mha,1,1894975.5662841792,10992
722_pos-prone_colon_segmentation_v2.mha,1,1545767.1000000013,11396
722_pos-supine_colon_segmentation_v2.mha,1,1568665.7999999989,14508
724_pos-supine_colon_segmentation_v2.mha,1,2303825.639961207,32212
725_pos-prone_colon_segmentation_v2.mha,1,1100432.4135039472,7599
725_pos-supine_colon_segmentation_v2.mha,1,1045502.626953125,10281
728_pos-prone_colon_segmentation_v2.mha,1,2967097.099231685,12041
734_pos-prone_colon_segmentation_v2.mha,1,1431821.0120239097,7970
734_pos-supine_colon_segmentation_v2.mha,1,68653.35184012387,1213
734_pos-supine_colon_segmentation_v2.mha,2,1154418.7809420223,4328
734_pos-supine_colon_segmentation_v2.mha,3,1185.3000317697365,36
735_pos-supine_colon_segmentation_v2.mha,1,74906.66637161702,871
735_pos-supine_colon_segmentation_v2.mha,2,181175.6036737621,871
735_pos-supine_colon_segmentation_v2.mha,3,1063405.5127554666,6652
737_pos-supine_colon_segmentation_v2.mha,1,49203.47372094315,543
737_pos-supine_colon_segmentation_v2.mha,2,1338264.807407189,9899
737_pos-supine_colon_segmentation_v2.mha,3,217.9263667554534,28
739_pos-prone_colon_segmentation_v2.mha,1,1753222.026484138,15403
739_pos-supine_colon_segmentation_v2.mha,1,2179382.8737450503,32772
744_pos-supine_colon_segmentation_v2.mha,1,974134.765625,9327
745_pos-prone_colon_segmentation_v2.mha,1,838229.0441894531,7425
745_pos-prone_colon_segmentation_v2.mha,2,342114.482421875,1904
745_pos-supine_colon_segmentation_v2.mha,1,182962.4853515625,6219
745_pos-supine_colon_segmentation_v2.mha,2,964077.998046875,3873
751_pos-supine_colon_segmentation_v2.mha,1,1601650.9533691404,13663
752_pos-prone_colon_segmentation_v2.mha,1,3178276.3671875,15210
752_pos-supine_colon_segmentation_v2.mha,1,3203604.00390625,7090
753_pos-prone_colon_segmentation_v2.mha,1,2032430.6640625,20239
753_pos-supine_color_segmentation_v2..mha,1,1936529.78515625,18503
765_pos-supine_colon_segmentation_v2.mha,1,213357.3675537108,2001
765_pos-supine_colon_segmentation_v2.mha,2,176.5509033203124,14
765_pos-supine_colon_segmentation_v2.mha,3,789994.6133422847,8754
769_pos-supine_colon_segmentation_v2.mha,1,2901998.046875,28696
772_pos-supine_colon_segmentation_v2.mha,1,114655.04764709467,3699
772_pos-supine_colon_segmentation_v2.mha,2,1892807.274159534,5019
772_pos-supine_colon_segmentation_v2.mha,3,124.2101918005078,11
772_pos-supine_colon_segmentation_v2.mha,4,379.70583949142576,63
773_pos-prone_colon_segmentation_v2.mha,1,433932.12890625,1853
773_pos-prone_colon_segmentation_v2.mha,2,576271.484375,2689
779_pos-supine_colon_segmentation_v2.mha,1,1888324.1015624995,16891
795_pos-supine_colon_segmentation_v2.mha,1,1694955.3962258485,9809
806_pos-prone_colon_segmentation_v2.mha,1,2561381.0808554166,17101
806_pos-supine_colon_segmentation_v2.mha,1,2787124.255294461,14856
808_pos-supine_colon_segmentation_v2.mha,1,1593279.1271001936,23107
814_pos-supine_colon_segmentation_v2.mha,1,106166.51134402494,597
814_pos-supine_colon_segmentation_v2.mha,2,1164735.3950945626,5227
814_pos-supine_colon_segmentation_v2.mha,3,15873.944401945484,357
814_pos-supine_colon_segmentation_v2.mha,4,101.62815936830768,5
814_pos-supine_colon_segmentation_v2.mha,5,10686.543874679715,129
814_pos-supine_colon_segmentation_v2.mha,6,9854.190544884068,94
818_pos-prone_colon_segmentation_v2.mha,1,305645.01953125,1095
818_pos-prone_colon_segmentation_v2.mha,2,920351.07421875,7690
818_pos-supine_colon_segmentation_v2.mha,1,1299014.6484375,9079
825_pos-supine_colon_segmentation_v2.mha,1,2660177.716368382,35967
020_pos-prone_colon_segmentation.mha,1,415091.7626953125,3793
020_pos-prone_colon_segmentation.mha,2,359.7134399414062,20
020_pos-prone_colon_segmentation.mha,3,9896.088562011715,37
020_pos-prone_colon_segmentation.mha,4,4132.317810058593,43
020_pos-prone_colon_segmentation.mha,5,18367.52807617187,81
020_pos-prone_colon_segmentation.mha,6,61685.63262939453,446
020_pos-prone_colon_segmentation.mha,7,5708.205261230468,74
020_pos-prone_colon_segmentation.mha,8,4485.346679687499,155
020_pos-prone_colon_segmentation.mha,9,54790.916137695305,1200
020_pos-prone_colon_segmentation.mha,10,176.30554199218747,35
020_pos-supine_colon_segmentation.mha,1,879597.9580688475,6190
022_pos-prone_colon_segmentation.mha,1,3260174.2529296875,21383
054_pos-prone_colon_segmentation.mha,1,655100.5859375,4721
054_pos-prone_colon_segmentation.mha,2,924.31640625,46
070_pos-supine_colon_segmentation.mha,1,484198.73046875,3264
070_pos-supine_colon_segmentation.mha,2,1467894.04296875,5541
089_pos-prone_colon_segmentation.mha,1,732531.0776367188,9426
100_pos-prone_colon_segmentation.mha,1,587206.54296875,7784
100_pos-prone_colon_segmentation.mha,2,637.6953125,11
100_pos-prone_colon_segmentation.mha,3,1760.25390625,23
100_pos-prone_colon_segmentation.mha,4,1418595.21484375,4798
100_pos-supine_colon_segmentation.mha,1,743018.0664062499,4142
100_pos-supine_colon_segmentation.mha,2,1630200.6835937498,3405
106_pos-prone_colon_segmentation.mha,1,1117213.7539977827,4548
108_pos-prone_colon_segmentation.mha,1,1213674.2940490916,13362
108_pos-prone_colon_segmentation.mha,2,988056.6224239566,10832
118_pos-supine_colon_segmentation.mha,1,2431904.4384765625,32210
140_pos-supine_colon_segmentation.mha,1,64810.03389119999,519
140_pos-supine_colon_segmentation.mha,2,1687530.8148191995,4126
150_pos-prone_colon_segmentation.mha,1,187019.5122432,1128
150_pos-prone_colon_segmentation.mha,2,448.2545184,15
150_pos-prone_colon_segmentation.mha,3,3068.7890688,90
150_pos-prone_colon_segmentation.mha,4,395979.4470528,17766
150_pos-prone_colon_segmentation.mha,5,220282.2052704,1188
150_pos-prone_colon_segmentation.mha,6,2488.4630784,131
150_pos-supine_colon_segmentation.mha,1,66711.86308799998,311
150_pos-supine_colon_segmentation.mha,2,1434.6510047999996,6
150_pos-supine_colon_segmentation.mha,3,382.8101471999999,12
150_pos-supine_colon_segmentation.mha,4,491.6212703999999,38
150_pos-supine_colon_segmentation.mha,5,648417.7046879998,10877
150_pos-supine_colon_segmentation.mha,6,7533.199065599998,108
150_pos-supine_colon_segmentation.mha,7,27200.415340799995,248
150_pos-supine_colon_segmentation.mha,8,104.47444799999998,8
151_pos-prone_colon_segmentation.mha,1,214541.6259765625,2530
151_pos-prone_colon_segmentation.mha,2,266773.6865234375,521
151_pos-prone_colon_segmentation.mha,3,349313.6474609375,1130
151_pos-prone_colon_segmentation.mha,4,410323.525390625,1472
151_pos-prone_colon_segmentation.mha,5,2253.388671875,39
151_pos-prone_colon_segmentation.mha,6,69337.490234375,355
151_pos-prone_colon_segmentation.mha,7,6895.4638671875,39
151_pos-prone_colon_segmentation.mha,8,4890.810546875,39
151_pos-prone_colon_segmentation.mha,9,38583.5205078125,127
151_pos-prone_colon_segmentation.mha,10,2909.7900390625,41
151_pos-prone_colon_segmentation.mha,11,15380.234375,29
151_pos-prone_colon_segmentation.mha,12,1527.861328125,19
151_pos-supine_colon_segmentation.mha,1,584176.5543431696,2171
151_pos-supine_colon_segmentation.mha,2,1031488.3978462385,4374
178_pos-prone_colon_segmentation.mha,1,12499.453124999998,33
178_pos-prone_colon_segmentation.mha,2,2523.5156249999995,8
178_pos-prone_colon_segmentation.mha,3,1507121.7187499998,7013
178_pos-prone_colon_segmentation.mha,4,11602.968749999998,162
178_pos-supine_colon_segmentation.mha,1,1415405.390625,13484
178_pos-supine_colon_segmentation.mha,2,396.5625,32
180_pos-prone_colon_segmentation.mha,1,1808465.798339844,12445
188_pos-prone_colon_segmentation.mha,1,319364.2554348693,1733
188_pos-prone_colon_segmentation.mha,2,644117.9592253981,3325
188_pos-supine_colon_segmentation.mha,1,146113.5367123163,600
188_pos-supine_colon_segmentation.mha,2,113571.0526800984,465
188_pos-supine_colon_segmentation.mha,3,189256.4439627421,835
188_pos-supine_colon_segmentation.mha,4,157652.15577469653,928
188_pos-supine_colon_segmentation.mha,5,58792.137320057926,874
194_pos-prone_colon_segmentation.mha,1,884827.6574707031,6167
194_pos-prone_colon_segmentation.mha,2,195800.1953125,1251
194_pos-prone_colon_segmentation.mha,3,199.625244140625,6
194_pos-prone_colon_segmentation.mha,4,575.079345703125,32
194_pos-supine_colon_segmentation.mha,1,1393978.604296875,8951
204_pos-prone_colon_segmentation.mha,1,183712.47618579885,1172
204_pos-prone_colon_segmentation.mha,2,647657.8835007416,3733
204_pos-prone_colon_segmentation.mha,3,8353.23389000655,53
204_pos-supine_colon_segmentation.mha,1,43109.12272841337,503
204_pos-supine_colon_segmentation.mha,2,191897.79523418093,501
204_pos-supine_colon_segmentation.mha,3,161323.17295519784,1369
204_pos-supine_colon_segmentation.mha,4,1008.3503225106316,21
204_pos-supine_colon_segmentation.mha,5,272.83651110505264,17
204_pos-supine_colon_segmentation.mha,6,114173.73262658282,489
204_pos-supine_colon_segmentation.mha,7,127197.14465622758,804
204_pos-supine_colon_segmentation.mha,8,268.78212239107893,1
204_pos-supine_colon_segmentation.mha,9,4882.437985439368,92
216_pos-prone_colon_segmentation.mha,1,316518.968638971,861
216_pos-prone_colon_segmentation.mha,2,379958.8873599976,1126
216_pos-prone_colon_segmentation.mha,3,124.07225945663453,15
216_pos-prone_colon_segmentation.mha,4,569.5507529342652,9
216_pos-prone_colon_segmentation.mha,5,321612.4302998074,668
226_pos-prone_colon_segmentation.mha,1,263412.96079101565,1789
226_pos-prone_colon_segmentation.mha,2,1080561.348373413,5354
226_pos-prone_colon_segmentation.mha,3,2131.829998779297,23
226_pos-supine_colon_segmentation.mha,1,197243.74472351075,1899
226_pos-supine_colon_segmentation.mha,2,1061983.713192749,7022
227_pos-supine_colon_segmentation.mha,1,1143180.8471679688,4848
234_pos-prone_colon_segmentation.mha,1,193915.0390625,780
234_pos-prone_colon_segmentation.mha,2,719.2382812499999,32
234_pos-prone_colon_segmentation.mha,3,310104.00390624994,1818
234_pos-prone_colon_segmentation.mha,4,186653.3203125,717
234_pos-prone_colon_segmentation.mha,5,175288.08593749997,2000
234_pos-prone_colon_segmentation.mha,6,3502.4414062499995,136
234_pos-prone_colon_segmentation.mha,7,1373.0468749999998,112
246_pos-prone_colon_segmentation.mha,1,183751.5563964844,974
246_pos-prone_colon_segmentation.mha,2,553.16162109375,81
246_pos-prone_colon_segmentation.mha,3,1297239.2578125,17993
246_pos-prone_colon_segmentation.mha,4,457.305908203125,6
256_pos-prone_colon_segmentation.mha,1,259273.128125,1210
256_pos-prone_colon_segmentation.mha,2,1029085.3375,1744
256_pos-supine_colon_segmentation.mha,1,66061.97578430176,630
256_pos-supine_colon_segmentation.mha,2,1240087.4614715576,1763
258_pos-prone_colon_segmentation.mha,1,1312903.0426269532,11099
258_pos-supine_colon_segmentation.mha,1,1199884.9150878906,11202
260_pos-prone_colon_segmentation.mha,1,1530181.2585449216,8567
260_pos-supine_colon_segmentation.mha,1,1826215.3601074216,15658
272_pos-prone_colon_segmentation.mha,1,1011135.0284956056,9205
272_pos-prone_colon_segmentation.mha,2,270124.02117709734,3235
272_pos-supine_colon_segmentation.mha,1,1297037.46660193,14062
277_pos-prone_colon_segmentation.mha,1,671658.3026059747,12784
277_pos-prone_colon_segmentation.mha,2,20511.32565482361,81
277_pos-prone_colon_segmentation.mha,3,49507.72752703561,956
277_pos-prone_colon_segmentation.mha,4,282.21697703348696,12
277_pos-prone_colon_segmentation.mha,5,1336.353086972712,6
277_pos-prone_colon_segmentation.mha,6,278.9677684163251,20
277_pos-prone_colon_segmentation.mha,7,1083.8431601532764,6
300_pos-prone_colon_segmentation.mha,1,276721.9315032959,551
300_pos-prone_colon_segmentation.mha,2,1788354.1396446228,6337
300_pos-supine_colon_segmentation.mha,1,1909736.195594788,7256
301_pos-prone_colon_segmentation.mha,1,978801.939918518,5641
301_pos-supine_colon_segmentation.mha,1,97926.31301879884,1330
301_pos-supine_colon_segmentation.mha,2,3229.688095092773,167
301_pos-supine_colon_segmentation.mha,3,101.10113525390624,9
301_pos-supine_colon_segmentation.mha,4,1039349.877456665,6452
301_pos-supine_colon_segmentation.mha,5,125.75994873046876,0
301_pos-supine_colon_segmentation.mha,6,2330.8743438720703,92
301_pos-supine_colon_segmentation.mha,7,281.1104736328125,5
301_pos-supine_colon_segmentation.mha,8,612.7715148925781,2
306_pos-prone_colon_segmentation.mha,1,1988542.96875,16815
306_pos-supine_colon_segmentation.mha,1,471.19140625,78
306_pos-supine_colon_segmentation.mha,2,2221800.292968749,6299
308_pos-prone_colon_segmentation.mha,1,414356.4453125,1211
308_pos-prone_colon_segmentation.mha,2,753711.4257812499,2737
308_pos-prone_colon_segmentation.mha,3,15289.550781249998,87
308_pos-supine_colon_segmentation.mha,1,285445.80078124994,1068
308_pos-supine_colon_segmentation.mha,2,633351.0742187499,2061
308_pos-supine_colon_segmentation.mha,3,1619.6289062499998,51
311_pos-prone_colon_segmentation.mha,1,1167663.6251343128,4835
312_pos-prone_colon_segmentation.mha,1,335861.71874999994,1921
312_pos-prone_colon_segmentation.mha,2,462835.546875,1167
312_pos-prone_colon_segmentation.mha,3,782605.5468749999,2666
312_pos-prone_colon_segmentation.mha,4,193.359375,1
316_pos-supine_colon_segmentation.mha,1,1985229.4921875,8046
321_pos-prone_colon_segmentation.mha,1,939859.2478515626,8987
326_pos-supine_colon_segmentation.mha,1,2754392.606201172,27565
334_pos-supine_colon_segmentation.mha,1,2333918.9453124995,17450
336_pos-supine_colon_segmentation.mha,1,67719.82421875,5177
336_pos-supine_colon_segmentation.mha,2,1974.521484375,141
336_pos-supine_colon_segmentation.mha,3,1777232.9931640625,6936
338_pos-prone_colon_segmentation.mha,1,1473058.5937499998,10704
354_pos-supine_colon_segmentation.mha,1,506705.625,5528
354_pos-supine_colon_segmentation.mha,2,242.578125,22
354_pos-supine_colon_segmentation.mha,3,1558104.609375,4199
354_pos-supine_colon_segmentation.mha,4,2330.15625,67
354_pos-supine_colon_segmentation.mha,5,7464.375,121
368_pos-prone_colon_segmentation.mha,1,322232.421875,3352
368_pos-prone_colon_segmentation.mha,2,5664.0625,19
368_pos-prone_colon_segmentation.mha,3,1125.0,14
368_pos-prone_colon_segmentation.mha,4,360743.65234375,1021
368_pos-prone_colon_segmentation.mha,5,43899.4140625,41
368_pos-prone_colon_segmentation.mha,6,465858.3984375,1444
368_pos-prone_colon_segmentation.mha,7,569.3359375,8
368_pos-prone_colon_segmentation.mha,8,620.60546875,6
368_pos-prone_colon_segmentation.mha,9,609.86328125,1
368_pos-supine_colon_segmentation.mha,1,444070.3125,2043
368_pos-supine_colon_segmentation.mha,2,1154855.9570312498,8570
368_pos-supine_colon_segmentation.mha,3,101131.8359375,443
370_pos-prone_colon_segmentation.mha,1,236097.59765625,2580
370_pos-prone_colon_segmentation.mha,2,44311.11328125,160
370_pos-prone_colon_segmentation.mha,3,40489.3212890625,154
370_pos-prone_colon_segmentation.mha,4,8894.5751953125,27
370_pos-prone_colon_segmentation.mha,5,1068324.7412109375,7760
370_pos-prone_colon_segmentation.mha,6,182.724609375,34
370_pos-prone_colon_segmentation.mha,7,730886.9677734375,1190
370_pos-prone_colon_segmentation.mha,8,422.7978515625,24
370_pos-supine_colon_segmentation.mha,1,1386687.9638671873,15509
370_pos-supine_colon_segmentation.mha,2,1202463.9843749998,3651
376_pos-prone_colon_segmentation.mha,1,1642875.022321671,6265
384_pos-prone_colon_segmentation.mha,1,2542280.317382812,21103
388_pos-supine_colon_segmentation.mha,1,2336517.5781249995,6808
397_pos-supine_colon_segmentation.mha,1,297443.84765624994,2760
397_pos-supine_colon_segmentation.mha,2,1672766.1132812498,10335
397_pos-supine_colon_segmentation.mha,3,1789.0624999999998,70
397_pos-supine_colon_segmentation.mha,4,5965.332031249999,158
426_pos-prone_colon_segmentation.mha,1,2044707.03125,11628
460_pos-prone_colon_segmentation.mha,1,2097902.832031249,18310
460_pos-supine_colon_segmentation.mha,1,2123322.753906249,21154
472_pos-supine_colon_segmentation.mha,1,1431874.2128143432,9475
474_pos-prone_colon_segmentation.mha,1,1726340.639630005,9285
474_pos-supine_colon_segmentation.mha,1,1854528.153875484,10665
475_pos-prone_colon_segmentation.mha,1,1101257.6603107017,5814
518_pos-prone_colon_segmentation.mha,1,923540.625,5293
518_pos-prone_colon_segmentation.mha,2,32215.78125,106
518_pos-prone_colon_segmentation.mha,3,828393.7499999999,987
518_pos-prone_colon_segmentation.mha,4,740993.2031249999,2506
536_pos-prone_colon_segmentation.mha,1,1806055.4223632808,6145
536_pos-supine_colon_segmentation.mha,1,2011790.6433105469,7403
538_pos-prone_colon_segmentation.mha,1,403794.962711643,2738
538_pos-prone_colon_segmentation.mha,2,449519.1377172276,3691
538_pos-prone_colon_segmentation.mha,3,19425.581140037157,89
555_pos-prone_colon_segmentation.mha,1,318838.86718749994,3993
555_pos-prone_colon_segmentation.mha,2,676990.7226562499,1278
555_pos-prone_colon_segmentation.mha,3,1041300.7812499998,5950
586_pos-prone_colon_segmentation.mha,1,183802.94494628903,129
586_pos-prone_colon_segmentation.mha,2,7489.80712890625,14
586_pos-prone_colon_segmentation.mha,3,455702.1812438965,3972
586_pos-prone_colon_segmentation.mha,4,506212.2093200684,1208
586_pos-supine_colon_segmentation.mha,1,34525.503662109375,198
586_pos-supine_colon_segmentation.mha,2,1299733.4182128906,5156
620_pos-prone_colon_segmentation.mha,1,2530079.5364593505,8362
620_pos-prone_colon_segmentation.mha,2,805.6792144775391,22
634_pos-supine_colon_segmentation.mha,1,1962220.7774913025,14223
647_pos-prone_colon_segmentation.mha,1,189344.52056884769,3829
647_pos-prone_colon_segmentation.mha,2,317776.61895751953,2272
647_pos-prone_colon_segmentation.mha,3,243115.47088623047,636
660_pos-prone_colon_segmentation.mha,1,607667.4798583984,1715
660_pos-prone_colon_segmentation.mha,2,273395.9403076172,1452
660_pos-prone_colon_segmentation.mha,3,3984.8097534179688,197
660_pos-prone_colon_segmentation.mha,4,292.8312255859375,18
662_pos-supine_colon_segmentation.mha,1,1551678.2774776812,15460
662_pos-supine_colon_segmentation.mha,2,1129.1839495768843,19
662_pos-supine_colon_segmentation.mha,3,42824.34873240711,487
670_pos-supine_colon_segmentation.mha,1,53728.15292158094,708
670_pos-supine_colon_segmentation.mha,2,2701325.409369068,16234
674_pos-prone_colon_segmentation.mha,1,1768425.0732421875,10350
676_pos-prone_colon_segmentation.mha,1,3052185.8497558595,37537
687_pos-supine_colon_segmentation.mha,1,1381021.4457270107,15747
695_pos-supine_colon_segmentation.mha,1,1837145.6620301995,8985
724_pos-prone_colon_segmentation.mha,1,666534.6146513043,4224
724_pos-prone_colon_segmentation.mha,2,1281933.8093484505,16903
735_pos-prone_colon_segmentation.mha,1,288099.3603515625,4562
735_pos-prone_colon_segmentation.mha,2,582426.7822265625,14979
735_pos-prone_colon_segmentation.mha,3,239662.705078125,732
737_pos-prone_colon_segmentation.mha,1,386205.0155557101,3089
737_pos-prone_colon_segmentation.mha,2,1092916.0416360833,4311
737_pos-prone_colon_segmentation.mha,3,401.20784618343066,13
737_pos-prone_colon_segmentation.mha,4,497.3610647943015,40
744_pos-prone_colon_segmentation.mha,1,717010.7421875001,6893
748_pos-prone_colon_segmentation.mha,1,1678531.8603515625,42872
763_pos-prone_colon_segmentation.mha,1,1265224.053955078,4552
763_pos-supine_colon_segmentation.mha,1,1541037.8540039062,4402
764_pos-prone_colon_segmentation.mha,1,1087944.2989577088,4958
773_pos-supine_colon_segmentation.mha,1,369591.591796875,2828
808_pos-prone_colon_segmentation.mha,1,1479421.837242592,8729
808_pos-prone_colon_segmentation.mha,2,187.66798125411407,10
808_pos-prone_colon_segmentation.mha,3,2173.509249026732,66
814_pos-prone_colon_segmentation.mha,1,101.6281549873372,17
814_pos-prone_colon_segmentation.mha,2,312.98977793646185,42
814_pos-prone_colon_segmentation.mha,3,182375.77678126385,642
814_pos-prone_colon_segmentation.mha,4,17664.594399394096,293
814_pos-prone_colon_segmentation.mha,5,306168.8453256553,843
814_pos-prone_colon_segmentation.mha,6,435510.935829478,1380
814_pos-prone_colon_segmentation.mha,7,39251.53679280868,681
814_pos-prone_colon_segmentation.mha,8,208.86768049544764,22
821_pos-supine_colon_segmentation.mha,1,3608388.21447754,65265
823_pos-prone_colon_segmentation.mha,1,215795.8099121094,1165
823_pos-prone_colon_segmentation.mha,2,15142.724218750003,95
823_pos-prone_colon_segmentation.mha,3,2178.6617675781254,55
823_pos-prone_colon_segmentation.mha,4,407772.5385253907,1328
823_pos-prone_colon_segmentation.mha,5,61340.17758789064,472
823_pos-prone_colon_segmentation.mha,6,100.5595703125,4
823_pos-supine_colon_segmentation.mha,1,341144.08784179686,2100
823_pos-supine_colon_segmentation.mha,2,465316.5923339844,2274
823_pos-supine_colon_segmentation.mha,3,177.9130859375,13
823_pos-supine_colon_segmentation.mha,4,214.26923828125,0
